{
  "preset_info": {
    "version": 7,
    "title": "Monument Valley",
    "description": "",
    "author": "",
    "email": "676339784@teknik.io"
  },
  "preset_root": {
    "background_type": "IMAGE",
    "internal_type": "RootLayerModule",
    "position_padding_top": 75.0,
    "background_bitmap": "kfile://org.kustom.provider/bitmaps/IMGf7841902568deb894ca363315e12a0ce",
    "viewgroup_items": [
      {
        "internal_type": "ShapeModule",
        "position_offset_x": 0.0,
        "position_offset_y": 100.0,
        "shape_type": "RECT",
        "shape_width": 500.0,
        "shape_height": 175.0,
        "fx_shadow_distance": 20.0,
        "paint_color": "#A5FFFFFF",
        "internal_title": "white rectangle"
      },
      {
        "internal_type": "ShapeModule",
        "position_offset_x": 126.0,
        "position_offset_y": 100.0,
        "shape_type": "RECT",
        "shape_width": 250.0,
        "shape_height": 175.0,
        "paint_color": "#C1FB4060",
        "fx_shadow_distance": 20.0,
        "internal_title": "colored rectangle"
      },
      {
        "internal_animations": {
          "ef088dfa65814af9": {
            "type": "SCROLL",
            "action": "SCROLL_INVERTED"
          }
        },
        "internal_type": "TextModule",
        "text_family": "kfile://org.kustom.provider/fonts/museo300-regular.ttf",
        "text_size": 79,
        "position_offset_x": -130.0,
        "position_offset_y": 140.0,
        "text_expression": "$df(hh:mm)$",
        "fx_shadow_distance": 20.0,
        "paint_color": "#C1FB3F60",
        "internal_title": "clock",
        "internal_toggles": {
          "animation_1dca452e166f456d": 1
        },
        "touch_single": "LAUNCH_APP",
        "touch_single_action": "intent:#Intent;action\u003dandroid.intent.action.MAIN;category\u003dandroid.intent.category.LAUNCHER;component\u003dcom.android.deskclock/.DeskClock;S.org.kustom.intent.label\u003dClock;end"
      },
      {
        "internal_type": "OverlapLayerModule",
        "position_offset_x": 126.0,
        "position_offset_y": 75.0,
        "config_scale_value": 100.0,
        "internal_title": "date",
        "internal_animations": {
          "fc521edce8da4a41": {
            "type": "SCROLL"
          }
        },
        "touch_single": "LAUNCH_APP",
        "touch_single_action": "intent:#Intent;action\u003dandroid.intent.action.MAIN;category\u003dandroid.intent.category.LAUNCHER;component\u003dcom.android.calendar/.AllInOneActivity;S.org.kustom.intent.label\u003dCalendar;end",
        "viewgroup_items": [
          {
            "internal_animations": {
              "25e37483c01f4fd7": {
                "type": "DISABLED",
                "action": "SCROLL_INVERTED",
                "speed": 50
              }
            },
            "internal_type": "TextModule",
            "position_padding_top": 120.0,
            "text_expression": "$df(EEEE)$",
            "text_family": "kfile://org.kustom.provider/fonts/museo300-regular.ttf",
            "text_size": 45.0,
            "position_offset_x": 120.0,
            "position_offset_y": 85.0,
            "fx_shadow_distance": 20.0,
            "internal_title": "day"
          },
          {
            "internal_type": "TextModule",
            "text_expression": "$df(yyyy.MM.dd)$",
            "text_size": 43,
            "text_family": "kfile://org.kustom.provider/fonts/museo300-regular.ttf",
            "internal_title": "date"
          }
        ]
      },
      {
        "internal_type": "OverlapLayerModule",
        "internal_title": "weather",
        "internal_animations": {
          "5371274dc7bb4d76": {
            "type": "SCROLL",
            "rule": "AFTER_CENTER",
            "center": "FIRST"
          }
        },
        "position_offset_x": -120.0,
        "position_offset_y": 130.0,
        "touch_single": "LAUNCH_APP",
        "touch_single_action": "intent:#Intent;action\u003dandroid.intent.action.MAIN;category\u003dandroid.intent.category.LAUNCHER;component\u003dcom.arcusweather.darksky/.activity.LaunchActivity;S.org.kustom.intent.label\u003dArcus;end",
        "viewgroup_items": [
          {
            "internal_type": "TextModule",
            "position_padding_bottom": 108,
            "text_expression": "$wi(flik)$°$wi(tempu)$",
            "text_size": 74,
            "text_align": "CENTER",
            "text_family": "kfile://org.kustom.provider/fonts/museo300-regular.ttf",
            "paint_color": "#C1FB3F60"
          },
          {
            "internal_type": "TextModule",
            "text_expression": "$wi(cond)$",
            "text_size": 27.0,
            "text_align": "CENTER",
            "text_family": "kfile://org.kustom.provider/fonts/museo300-regular.ttf",
            "paint_color": "#C1FB3F60"
          }
        ]
      },
      {
        "internal_type": "OverlapLayerModule",
        "internal_animations": {
          "4ea492b90e7a40ee": {
            "type": "SCROLL",
            "action": "SCROLL_INVERTED",
            "rule": "FROM_CENTER",
            "center": "FIRST"
          }
        },
        "position_offset_x": 126.0,
        "position_offset_y": 130.0,
        "viewgroup_items": [
          {
            "internal_animations": {
              "ef088dfa65814af9": {
                "type": "SCROLL",
                "action": "SCROLL_INVERTED"
              }
            },
            "internal_type": "TextModule",
            "text_family": "kfile://org.kustom.provider/fonts/museo300-regular.ttf",
            "text_size": 74.0,
            "position_offset_x": -130.0,
            "position_offset_y": 140.0,
            "text_expression": "$bi(level)$%",
            "fx_shadow_distance": 20.0,
            "internal_title": "clock",
            "internal_toggles": {
              "animation_1dca452e166f456d": 1
            },
            "position_padding_bottom": 108.0,
            "text_align": "CENTER"
          },
          {
            "internal_type": "TextModule",
            "text_expression": "Battery Remaining",
            "text_size": 27.0,
            "text_align": "CENTER",
            "text_family": "kfile://org.kustom.provider/fonts/museo300-regular.ttf"
          }
        ]
      },
      {
        "internal_type": "OverlapLayerModule",
        "internal_title": "top wacky shape",
        "viewgroup_items": [
          {
            "internal_type": "ShapeModule",
            "position_padding_right": 275.0,
            "position_padding_top": 350.0,
            "position_anchor": "TOPLEFT",
            "shape_type": "RECT",
            "shape_width": 125.0,
            "shape_height": 2.0
          },
          {
            "internal_type": "ShapeModule",
            "position_padding_top": 350.0,
            "position_anchor": "TOPLEFT",
            "shape_type": "RECT",
            "shape_width": 125.0,
            "shape_height": 2.0,
            "position_padding_left": 275.0
          },
          {
            "internal_type": "ShapeModule",
            "position_padding_top": 335.0,
            "shape_type": "SQUARE",
            "shape_width": 24,
            "shape_rotate_mode": "MANUAL",
            "shape_rotate_offset": 135.0
          }
        ]
      },
      {
        "internal_type": "OverlapLayerModule",
        "internal_title": "bottom wacky shape",
        "position_offset_y": 680.0,
        "viewgroup_items": [
          {
            "internal_type": "ShapeModule",
            "position_padding_right": 275.0,
            "position_padding_top": 350.0,
            "position_anchor": "TOPLEFT",
            "shape_type": "RECT",
            "shape_width": 125.0,
            "shape_height": 2.0
          },
          {
            "internal_type": "ShapeModule",
            "position_padding_top": 350.0,
            "position_anchor": "TOPLEFT",
            "shape_type": "RECT",
            "shape_width": 125.0,
            "shape_height": 2.0,
            "position_padding_left": 275.0
          },
          {
            "internal_type": "ShapeModule",
            "position_padding_top": 335.0,
            "shape_type": "SQUARE",
            "shape_width": 24,
            "shape_rotate_mode": "MANUAL",
            "shape_rotate_offset": 135.0
          }
        ]
      },
      {
        "internal_type": "ShapeModule",
        "position_offset_y": 400.0,
        "shape_type": "EXAGON",
        "shape_width": 150.0,
        "paint_style": "STROKE",
        "paint_stroke": 5.0,
        "internal_animations": {
          "b45fd526e4694382": {
            "type": "SCROLL",
            "action": "ROTATE"
          }
        }
      },
      {
        "internal_type": "ShapeModule",
        "position_offset_y": 620.0,
        "shape_type": "EXAGON",
        "shape_width": 150.0,
        "paint_style": "STROKE",
        "paint_stroke": 5.0,
        "internal_animations": {
          "f301f132965042bc": {
            "type": "SCROLL",
            "action": "ROTATE"
          }
        }
      },
      {
        "internal_type": "ShapeModule",
        "position_offset_y": 840.0,
        "shape_type": "EXAGON",
        "shape_width": 150.0,
        "paint_style": "STROKE",
        "paint_stroke": 5.0,
        "internal_animations": {
          "74bb6d8fdbd34252": {
            "type": "SCROLL",
            "action": "ROTATE"
          }
        }
      },
      {
        "internal_type": "TextModule",
        "internal_animations": {
          "41a6659b6df04d1d": {
            "type": "SCROLL",
            "action": "ROTATE_INVERTED"
          }
        },
        "position_offset_y": 460.0,
        "text_expression": "媒体",
        "text_size": 30.0,
        "text_family": "kfile://org.kustom.provider/fonts/museo300-regular.ttf"
      },
      {
        "internal_type": "TextModule",
        "internal_animations": {
          "41a6659b6df04d1d": {
            "type": "SCROLL",
            "action": "ROTATE_INVERTED"
          }
        },
        "position_offset_y": 680.0,
        "text_expression": "社交",
        "text_size": 30.0,
        "text_family": "kfile://org.kustom.provider/fonts/museo300-regular.ttf"
      },
      {
        "internal_type": "TextModule",
        "internal_animations": {
          "41a6659b6df04d1d": {
            "type": "SCROLL",
            "action": "ROTATE_INVERTED"
          }
        },
        "position_offset_y": 900.0,
        "text_expression": "联络",
        "text_size": 30.0,
        "text_family": "kfile://org.kustom.provider/fonts/museo300-regular.ttf"
      }
    ]
  }
}