{
  "preset_info": {
    "version": 9,
    "title": "Yuan (Light)",
    "description": "",
    "author": "adrift !cfkaiwenfk",
    "email": "",
    "archive": "kfile://org.kustom.sdcard.000/wallpapers/Yuan_Light.klwp.zip/",
    "width": 720,
    "height": 1280
  },
  "preset_root": {
    "internal_type": "RootLayerModule",
    "background_type": "IMAGE",
    "background_bitmap": "kfile://org.kustom.provider/bitmaps/IMG835cbb8dab1536ef5e17eaa48469749a",
    "position_padding_top": 200.0,
    "viewgroup_items": [
      {
        "internal_type": "ShapeModule",
        "position_offset_y": 90.0,
        "shape_type": "CIRCLE",
        "shape_width": 380.0,
        "paint_color": "#F0FFFFFF"
      },
      {
        "internal_type": "OverlapLayerModule",
        "internal_title": "clock",
        "position_offset_y": 100.0,
        "internal_events": [
          {
            "action": "LAUNCH_APP",
            "intent": "intent:#Intent;action\u003dandroid.intent.action.MAIN;category\u003dandroid.intent.category.LAUNCHER;component\u003dcom.google.android.deskclock/com.android.deskclock.DeskClock;S.org.kustom.intent.label\u003d%E6%97%B6%E9%92%9F;end"
          }
        ],
        "viewgroup_items": [
          {
            "internal_type": "ShapeModule",
            "shape_type": "CIRCLE",
            "shape_width": 359.0,
            "paint_color": "#FFF5EEEB"
          },
          {
            "internal_type": "OverlapLayerModule",
            "internal_title": "minute",
            "position_offset_y": 0.0,
            "config_rotate_mode": "CLOCK_MINUTE_SMOOTH",
            "position_offset_x": 0.0,
            "viewgroup_items": [
              {
                "internal_type": "ShapeModule",
                "shape_type": "RECT",
                "shape_width": 13.0,
                "shape_height": 220.0,
                "position_padding_bottom": 110.0,
                "paint_color": "#FF1A1A1A"
              }
            ]
          },
          {
            "internal_type": "OverlapLayerModule",
            "internal_title": "hour",
            "position_offset_y": 0.0,
            "config_rotate_mode": "CLOCK_HOUR_SMOOTH",
            "position_padding_bottom": 50.0,
            "viewgroup_items": [
              {
                "internal_type": "ShapeModule",
                "shape_type": "RECT",
                "shape_width": 13.0,
                "shape_height": 120.0,
                "paint_color": "#FF1A1A1A"
              }
            ]
          },
          {
            "internal_type": "OverlapLayerModule",
            "internal_title": "second",
            "position_offset_y": 0.0,
            "config_rotate_mode": "CLOCK_SECOND",
            "viewgroup_items": [
              {
                "internal_type": "ShapeModule",
                "shape_type": "RECT",
                "shape_width": 10.0,
                "shape_height": 200.0,
                "paint_color": "#FFE74343",
                "position_padding_bottom": 130.0
              }
            ]
          },
          {
            "internal_type": "ShapeModule",
            "position_padding_left": 257,
            "shape_width": 30.0
          },
          {
            "internal_type": "TextModule",
            "position_padding_left": 257.0,
            "text_expression": "$df(dd)$",
            "paint_color": "#FF1A1A1A"
          }
        ]
      },
      {
        "internal_type": "OverlapLayerModule",
        "internal_title": "music",
        "position_offset_y": 100.0,
        "internal_animations": [
          {
            "type": "SCROLL",
            "action": "FADE_INVERTED",
            "rule": "BEFORE_CENTER"
          }
        ],
        "viewgroup_items": [
          {
            "internal_type": "ShapeModule",
            "shape_type": "CIRCLE",
            "shape_width": 359.0,
            "paint_color": "#FF1A1A1A",
            "internal_toggles": {
              "fx_gradient_bitmap": 10,
              "paint_color": 0
            },
            "internal_formulas": {
              "fx_gradient_bitmap": "$mi(cover)$",
              "paint_color": "$if(mi(state) \u003d PLAYING, #RRGGBB)$"
            },
            "fx_gradient": "BITMAP",
            "fx_bitmap_blur": 25.0,
            "position_padding_right": 1.0,
            "fx_bitmap_dim": 28,
            "internal_events": [
              {
                "action": "MUSIC"
              }
            ]
          },
          {
            "internal_type": "ProgressModule",
            "internal_toggles": {
              "color_fgcolor": 10
            },
            "internal_formulas": {
              "color_fgcolor": "$bp(muted, mi(cover))$"
            },
            "position_padding_top": 15.0,
            "progress_progress": "MUSIC",
            "style_size": 340.0,
            "style_height": 2.0,
            "color_fgcolor": "#FF16A085",
            "color_bgcolor": "#FFFFFFFF",
            "internal_title": "progress"
          },
          {
            "internal_type": "TextModule",
            "position_padding_bottom": 180.0,
            "text_expression": "[b]$tc(ell(mi(artist),30))$[/b]",
            "text_size": 20.0,
            "text_family": "kfile://org.kustom.provider/fonts/Roboto-Light.ttf",
            "internal_title": "artist"
          },
          {
            "internal_type": "TextModule",
            "position_padding_bottom": 120.0,
            "text_expression": "\"$tc(ell(mi(title),33))$\"",
            "text_size": 18.0,
            "text_family": "kfile://org.kustom.provider/fonts/Roboto-Light.ttf",
            "internal_toggles": {
              "paint_color": 10
            },
            "text_align": "CENTER",
            "internal_title": "track"
          },
          {
            "internal_type": "TextModule",
            "position_padding_bottom": 60.0,
            "text_expression": "[i]$tc(ell(mi(album),36))$[/i]",
            "text_family": "kfile://org.kustom.provider/fonts/Roboto-Light.ttf",
            "text_size": 18.0,
            "internal_title": "album"
          },
          {
            "internal_type": "ShapeModule",
            "internal_toggles": {
              "paint_color": 10
            },
            "internal_formulas": {
              "paint_color": "$if(mi(state) \u003d PLAYING, #00FFFFFF)$"
            },
            "position_padding_top": 100.0,
            "position_padding_bottom": 0.0,
            "shape_type": "TRIANGLE",
            "internal_title": "play",
            "shape_width": 20.0,
            "shape_height": 20.0,
            "internal_events": [
              {
                "action": "MUSIC"
              }
            ]
          },
          {
            "internal_type": "ShapeModule",
            "internal_toggles": {
              "paint_color": 10
            },
            "internal_formulas": {
              "paint_color": "$if(mi(state) \u003d PAUSED, #00FFFFFF)$"
            },
            "position_padding_right": 10.0,
            "position_padding_top": 100.0,
            "shape_type": "RECT",
            "shape_width": 5.0,
            "internal_title": "pause (left)",
            "shape_height": 20.0
          },
          {
            "internal_type": "ShapeModule",
            "internal_toggles": {
              "paint_color": 10
            },
            "internal_formulas": {
              "paint_color": "$if(mi(state) \u003d PAUSED, #00FFFFFF)$"
            },
            "position_padding_right": 0.0,
            "position_padding_top": 100.0,
            "shape_type": "RECT",
            "shape_width": 5.0,
            "position_padding_left": 10.0,
            "internal_title": "pause (right)",
            "shape_height": 20.0
          },
          {
            "internal_type": "ShapeModule",
            "internal_title": "play/pause",
            "position_padding_top": 125,
            "shape_width": 60.0,
            "paint_color": "#00FFFFFF",
            "internal_events": [
              {
                "action": "MUSIC"
              }
            ]
          },
          {
            "internal_type": "ShapeModule",
            "position_padding_top": 125,
            "shape_width": 100.0,
            "internal_title": "open lyrics app",
            "position_padding_right": 200.0,
            "paint_color": "#00FFFFFF",
            "internal_events": [
              {
                "action": "LAUNCH_APP",
                "intent": "intent:#Intent;action\u003dandroid.intent.action.MAIN;category\u003dandroid.intent.category.LAUNCHER;component\u003dcom.geecko.QuickLyric/.MainActivity;S.org.kustom.intent.label\u003dQuickLyric;end",
                "music_action": "OPEN_APP"
              }
            ]
          },
          {
            "internal_type": "ShapeModule",
            "position_padding_top": 125,
            "shape_width": 100.0,
            "internal_title": "open player",
            "position_padding_left": 200.0,
            "paint_color": "#00FFFFFF",
            "internal_events": [
              {
                "action": "MUSIC",
                "music_action": "OPEN_APP"
              }
            ]
          }
        ]
      },
      {
        "internal_type": "OverlapLayerModule",
        "internal_title": "weather",
        "position_offset_y": 100.0,
        "internal_events": [
          {
            "action": "LAUNCH_APP",
            "intent": "intent:#Intent;action\u003dandroid.intent.action.MAIN;category\u003dandroid.intent.category.LAUNCHER;component\u003dcom.arcusweather.darksky/.activity.LaunchActivity;S.org.kustom.intent.label\u003dArcus;end"
          }
        ],
        "internal_animations": [
          {
            "type": "SCROLL",
            "action": "FADE",
            "rule": "AFTER_CENTER"
          }
        ],
        "viewgroup_items": [
          {
            "internal_type": "ShapeModule",
            "shape_type": "CIRCLE",
            "shape_width": 361.0,
            "paint_color": "#FFF5EEEB",
            "internal_toggles": {
              "fx_gradient": 0
            },
            "internal_formulas": {
              "fx_gradient": "$wi(icon)$"
            },
            "fx_gradient": "BITMAP",
            "internal_events": [
              {
                "action": "LAUNCH_APP",
                "intent": "intent:#Intent;action\u003dandroid.intent.action.MAIN;category\u003dandroid.intent.category.LAUNCHER;component\u003dcom.samruston.weather/.MainActivity;S.org.kustom.intent.label\u003dWeather%20Timeline;end"
              }
            ],
            "position_padding_top": 0.0,
            "position_padding_bottom": 0.0
          },
          {
            "internal_type": "ShapeModule",
            "internal_title": "refresh",
            "position_padding_top": 203,
            "shape_width": 60.0,
            "paint_color": "#04FFFFFF",
            "internal_events": [
              {
                "action": "KUSTOM_ACTION",
                "kustom_action": "WEATHER_UPDATE"
              }
            ]
          },
          {
            "internal_type": "TextModule",
            "position_padding_bottom": 0.0,
            "text_expression": "$wi(temp)$",
            "text_size": 40.0,
            "text_family": "kfile://org.kustom.provider/fonts/Roboto-Light.ttf",
            "internal_title": "temp",
            "paint_color": "#FF1A1A1A"
          },
          {
            "internal_type": "TextModule",
            "position_padding_right": 115.0,
            "text_expression": "$wf(min, 0)$°",
            "text_family": "kfile://org.kustom.provider/fonts/Roboto-Light.ttf",
            "internal_title": "low",
            "paint_color": "#FF779FED"
          },
          {
            "internal_type": "TextModule",
            "text_expression": "$li(loc)$",
            "text_size": 20.0,
            "text_family": "kfile://org.kustom.provider/fonts/Roboto-Light.ttf",
            "internal_title": "location",
            "position_padding_bottom": 90.0,
            "paint_color": "#FF1A1A1A"
          },
          {
            "internal_type": "TextModule",
            "position_padding_top": 90.0,
            "text_expression": "$wi(cond)$",
            "text_size": 20.0,
            "text_family": "kfile://org.kustom.provider/fonts/Roboto-Light.ttf",
            "internal_title": "condition",
            "paint_color": "#FF1A1A1A"
          },
          {
            "internal_type": "TextModule",
            "position_padding_left": 115.0,
            "text_expression": "$wf(max, 0)$°",
            "text_family": "kfile://org.kustom.provider/fonts/Roboto-Light.ttf",
            "internal_title": "high",
            "paint_color": "#FFD42A2A"
          }
        ]
      },
      {
        "internal_type": "OverlapLayerModule",
        "position_offset_y": 600.0,
        "internal_title": "drawer",
        "viewgroup_items": [
          {
            "internal_type": "ShapeModule",
            "shape_type": "TRIANGLE",
            "shape_rotate_mode": "DEG270"
          }
        ]
      }
    ]
  }
}